Gene Symbol,Gene ID 
Igf2,ENSMUSG00000048583
Ccl2,ENSMUSG00000035385
Lhx2,ENSMUSG00000000247
Ccl11,ENSMUSG00000020676
Pdgfra,ENSMUSG00000029231
Sox9,ENSMUSG00000000567
Serpinf1,ENSMUSG00000000753
Il12rb1,ENSMUSG00000000791
Fasl,ENSMUSG00000000817
Ccl3,ENSMUSG00000000982
Col1a1,ENSMUSG00000001506
Esam,ENSMUSG00000001946
Axl,ENSMUSG00000002602
Tgfb1,ENSMUSG00000002603
Il17ra,ENSMUSG00000002897
Grin2c,ENSMUSG00000020734
Fosb,ENSMUSG00000003545
Calb2,ENSMUSG00000003657
Grm3,ENSMUSG00000003974
Sst,ENSMUSG00000004366
Pgf,ENSMUSG00000004791
Hdgf,ENSMUSG00000004897
Hspb1,ENSMUSG00000004951
Slc1a3,ENSMUSG00000005360
Kit,ENSMUSG00000005672
Pvalb,ENSMUSG00000005716
Otx1,ENSMUSG00000005917
Epor,ENSMUSG00000006235
Tgfbr1,ENSMUSG00000007613
Id3,ENSMUSG00000007872
Bmp7,ENSMUSG00000008999
Ccl8,ENSMUSG00000009185
Tnfrsf13b,ENSMUSG00000010142
Cd209a,ENSMUSG00000031494
Retn,ENSMUSG00000012705
Fgfrl1,ENSMUSG00000008090
Mertk,ENSMUSG00000014361
Cybb,ENSMUSG00000015340
Lpl,ENSMUSG00000015568
Il10,ENSMUSG00000016529
Prl,ENSMUSG00000021342
Nos2,ENSMUSG00000020826
Tnfsf13,ENSMUSG00000089669
Cd68,ENSMUSG00000018774
Csf2,ENSMUSG00000018916
Cxcl16,ENSMUSG00000018920
Ccl6,ENSMUSG00000018927
Ccl4,ENSMUSG00000018930
Cd22,ENSMUSG00000030577
Cd70,ENSMUSG00000019489
Traf3ip2,ENSMUSG00000019842
Nts,ENSMUSG00000019890
Arg1,ENSMUSG00000019987
Ccn2,ENSMUSG00000019997
Il20ra,ENSMUSG00000020007
Ifngr1,ENSMUSG00000020009
Ascl1,ENSMUSG00000020052
Egfr,ENSMUSG00000020122
Rad50,ENSMUSG00000020380
Ccl7,ENSMUSG00000035373
Aspa,ENSMUSG00000020774
Serpina3n,ENSMUSG00000021091
Fos,ENSMUSG00000021250
Gadd45g,ENSMUSG00000021453
Cxcl14,ENSMUSG00000021508
Cartpt,ENSMUSG00000021647
Thbs4,ENSMUSG00000021702
Fezf2,ENSMUSG00000021743
Clu,ENSMUSG00000022037
Tnfrsf10b,ENSMUSG00000022074
Mettl3,ENSMUSG00000022160
Jph4,ENSMUSG00000022208
Rad1,ENSMUSG00000022248
Sqle,ENSMUSG00000022351
Tnfrsf17,ENSMUSG00000022496
Hes1,ENSMUSG00000022528
Gsdmd,ENSMUSG00000022575
Lynx1,ENSMUSG00000022594
Ifngr2,ENSMUSG00000022965
Ifnar1,ENSMUSG00000022967
Il10rb,ENSMUSG00000022969
Sncg,ENSMUSG00000023064
Cxcl13,ENSMUSG00000023078
Ccl25,ENSMUSG00000023235
Cd4,ENSMUSG00000023274
Mx2,ENSMUSG00000023341
Dlx2,ENSMUSG00000023391
Trem2,ENSMUSG00000023992
Eif2ak2,ENSMUSG00000024079
Pigf,ENSMUSG00000024145
C3,ENSMUSG00000024164
Sox8,ENSMUSG00000024176
Tap2,ENSMUSG00000024339
Ltb,ENSMUSG00000024399
Hbegf,ENSMUSG00000024486
Pdgfrb,ENSMUSG00000024620
Csf1r,ENSMUSG00000024621
Fas,ENSMUSG00000024778
Tnfrsf25,ENSMUSG00000024793
Rad9a,ENSMUSG00000024824
Casp7,ENSMUSG00000025076
Tac2,ENSMUSG00000025400
Ifitm1,ENSMUSG00000025491
Ifitm3,ENSMUSG00000025492
Irf7,ENSMUSG00000025498
Ccr1,ENSMUSG00000025804
Cplx2,ENSMUSG00000025867
Casp4,ENSMUSG00000033538
Casp1,ENSMUSG00000025888
Il1r2,ENSMUSG00000026073
Opn3,ENSMUSG00000026525
Xcl1,ENSMUSG00000026573
Mrc1,ENSMUSG00000026712
Vim,ENSMUSG00000026728
Il2ra,ENSMUSG00000026770
Gad2,ENSMUSG00000026787
Nr4a2,ENSMUSG00000026826
Notch1,ENSMUSG00000026923
Il1f6,ENSMUSG00000026984
Nusap1,ENSMUSG00000027306
Siglec1,ENSMUSG00000027322
Bmp2,ENSMUSG00000027358
Il1b,ENSMUSG00000027398
Il1a,ENSMUSG00000027399
Stmn2,ENSMUSG00000027500
Car2,ENSMUSG00000027562
Il2,ENSMUSG00000027720
Vcam1,ENSMUSG00000027962
Neurog2,ENSMUSG00000027967
Pdgfc,ENSMUSG00000028019
Egf,ENSMUSG00000028017
Rfx5,ENSMUSG00000005774
Tacr3,ENSMUSG00000028172
Calb1,ENSMUSG00000028222
Nbn,ENSMUSG00000028224
Tmeff1,ENSMUSG00000028347
Tnfrsf1b,ENSMUSG00000028599
Csf3r,ENSMUSG00000028859
Tnfrsf4,ENSMUSG00000029075
Spp1,ENSMUSG00000029304
Bmp3,ENSMUSG00000029335
Ppbp,ENSMUSG00000029372
Cxcl15,ENSMUSG00000029375
Cxcl1,ENSMUSG00000029380
Lhx5,ENSMUSG00000029595
Flt1,ENSMUSG00000029648
Col1a2,ENSMUSG00000029661
Gpnmb,ENSMUSG00000029816
Usp18,ENSMUSG00000030107
Cd163,ENSMUSG00000008845
Emp1,ENSMUSG00000030208
Ltbr,ENSMUSG00000030339
Tnfrsf1a,ENSMUSG00000030341
Cd9,ENSMUSG00000030342
Slc17a6,ENSMUSG00000030500
Il21r,ENSMUSG00000030745
Il4ra,ENSMUSG00000030748
Dkk3,ENSMUSG00000030772
Lyve1,ENSMUSG00000030787
Itgax,ENSMUSG00000030789
Crym,ENSMUSG00000030905
Mki67,ENSMUSG00000031004
Il13ra1,ENSMUSG00000017057
Brs3,ENSMUSG00000031130
Fgf13,ENSMUSG00000031137
Dcx,ENSMUSG00000031285
Il2rg,ENSMUSG00000031304
Lamp1,ENSMUSG00000031447
Gas6,ENSMUSG00000031451
Vegfc,ENSMUSG00000031520
Sfrp1,ENSMUSG00000031548
Msmo1,ENSMUSG00000031604
Irf2,ENSMUSG00000031627
Sall1,ENSMUSG00000031665
Cx3cl1,ENSMUSG00000031778
Ccl17,ENSMUSG00000031780
Cdh5,ENSMUSG00000031871
Cklf,ENSMUSG00000054400
Il10ra,ENSMUSG00000032089
Cmtm7,ENSMUSG00000032436
Eomes,ENSMUSG00000032446
Tdgf1,ENSMUSG00000032494
Mst1r,ENSMUSG00000032584
Mst1,ENSMUSG00000032591
Olig2,ENSMUSG00000039830
Cspg4,ENSMUSG00000032911
Ccl5,ENSMUSG00000035042
Foxj1,ENSMUSG00000034227
S100b,ENSMUSG00000033208
Il22ra2,ENSMUSG00000039760
Htr2a,ENSMUSG00000034997
Lum,ENSMUSG00000036446
Mif,ENSMUSG00000033307
Ythdc1,ENSMUSG00000035851
Inhbb,ENSMUSG00000037035
Sox5,ENSMUSG00000041540
Cxcl10,ENSMUSG00000034855
Csf3,ENSMUSG00000038067
Adrb1,ENSMUSG00000035283
Ccr3,ENSMUSG00000035448
Ntrk3,ENSMUSG00000059146
Thbs1,ENSMUSG00000040152
P2ry13,ENSMUSG00000036362
Fgf1,ENSMUSG00000036585
Maob,ENSMUSG00000040147
Neurod1,ENSMUSG00000034701
Neurod2,ENSMUSG00000038255
Inhba,ENSMUSG00000041324
Rln1,ENSMUSG00000039097
Neurod6,ENSMUSG00000037984
Tgfb2,ENSMUSG00000039239
Dtx4,ENSMUSG00000039982
Kiss1r,ENSMUSG00000035773
Slc32a1,ENSMUSG00000037771
S100a10,ENSMUSG00000041959
C1qc,ENSMUSG00000036896
C1qb,ENSMUSG00000036905
Txlna,ENSMUSG00000053841
Clcf1,ENSMUSG00000040663
Arx,ENSMUSG00000035277
Ptger2,ENSMUSG00000037759
Igfbp2,ENSMUSG00000039323
Tspo,ENSMUSG00000041736
Plvap,ENSMUSG00000034845
Tbr1,ENSMUSG00000035033
Anpep,ENSMUSG00000039062
Lrp1,ENSMUSG00000040249
Flt3,ENSMUSG00000042817
Nodal,ENSMUSG00000037171
Cd74,ENSMUSG00000024610
Lcn2,ENSMUSG00000026822
Synm,ENSMUSG00000030554
Chd7,ENSMUSG00000041235
Tle4,ENSMUSG00000024642
Nlrc4,ENSMUSG00000039193
Dlx5,ENSMUSG00000029755
Oxtr,ENSMUSG00000049112
Adrb2,ENSMUSG00000045730
Foxo1,ENSMUSG00000044167
Grin2b,ENSMUSG00000030209
Ccr4,ENSMUSG00000047898
Pou3f3,ENSMUSG00000045515
Fdft1,ENSMUSG00000021273
Fn1,ENSMUSG00000026193
Ifnb1,ENSMUSG00000048806
Ccr2,ENSMUSG00000049103
Cxcr3,ENSMUSG00000050232
Olig1,ENSMUSG00000046160
Neurog1,ENSMUSG00000048904
Ntf5,ENSMUSG00000074121
Il18,ENSMUSG00000039217
Npsr1,ENSMUSG00000043659
Crh,ENSMUSG00000049796
Gpr6,ENSMUSG00000046922
Cd14,ENSMUSG00000051439
Cxcr5,ENSMUSG00000047880
Tnfsf15,ENSMUSG00000050395
Ccr10,ENSMUSG00000044052
Agt,ENSMUSG00000031980
Sp8,ENSMUSG00000048562
Syt1,ENSMUSG00000035864
Cx3cr1,ENSMUSG00000052336
Adcyap1,ENSMUSG00000024256
Galr1,ENSMUSG00000024553
Cd8b1,ENSMUSG00000053044
Ly6c1,ENSMUSG00000079018
Ackr3,ENSMUSG00000044337
Jak2,ENSMUSG00000024789
Bcl11b,ENSMUSG00000048251
Cd8a,ENSMUSG00000053977
Gfap,ENSMUSG00000020932
Adam12,ENSMUSG00000054555
Tmem119,ENSMUSG00000054675
C4b,ENSMUSG00000073418
Fto,ENSMUSG00000055932
S100a8,ENSMUSG00000056054
Il6st,ENSMUSG00000021756
Tubb3,ENSMUSG00000062380
Vegfa,ENSMUSG00000023951
Syt9,ENSMUSG00000062542
Cd40,ENSMUSG00000017652
Ifnlr1,ENSMUSG00000062157
Calcr,ENSMUSG00000023964
Atp13a5,ENSMUSG00000048939
Csf2ra,ENSMUSG00000059326
Nfat5,ENSMUSG00000003847
Cxcl11,ENSMUSG00000060183
Ggta1,ENSMUSG00000035778
Nlrp3,ENSMUSG00000032691
Itpr2,ENSMUSG00000030287
Notch2,ENSMUSG00000027878
Fcer1g,ENSMUSG00000058715
Ifitm2,ENSMUSG00000060591
Cr2,ENSMUSG00000026616
Gpx1,ENSMUSG00000063856
Pappa,ENSMUSG00000028370
Cd47,ENSMUSG00000055447
Slc17a7,ENSMUSG00000070570
Isg15,ENSMUSG00000035692
Hmgb1,ENSMUSG00000066551
Stat2,ENSMUSG00000040033
Tnfsf18,ENSMUSG00000066755
Cntn2,ENSMUSG00000053024
Tfeb,ENSMUSG00000023990
Notch3,ENSMUSG00000038146
Myrf,ENSMUSG00000036098
Cst7,ENSMUSG00000068129
Cntn6,ENSMUSG00000030092
Il2rb,ENSMUSG00000068227
Sp9,ENSMUSG00000068859
Nes,ENSMUSG00000004891
Fcrls,ENSMUSG00000015852
Lyz2,ENSMUSG00000069516
Ezh2,ENSMUSG00000029687
Cd109,ENSMUSG00000046186
Nfasc,ENSMUSG00000026442
Il11,ENSMUSG00000004371
Gad1,ENSMUSG00000070880
Igf1,ENSMUSG00000020053
Fgf14,ENSMUSG00000025551
Csf2rb,ENSMUSG00000071713
Sox2,ENSMUSG00000074637
Abcc9,ENSMUSG00000030249
Lrig1,ENSMUSG00000030029
Ptn,ENSMUSG00000029838
Il22ra1,ENSMUSG00000037157
Mog,ENSMUSG00000076439
Mpl,ENSMUSG00000006389
H2-T23,ENSMUSG00000067212
Jak1,ENSMUSG00000028530
Il12b,ENSMUSG00000004296
Gap43,ENSMUSG00000047261
Ifit1,ENSMUSG00000034459
Ifit2,ENSMUSG00000045932
Camk2a,ENSMUSG00000024617
Ccl19,ENSMUSG00000071005
Pecam1,ENSMUSG00000020717
Cnp,ENSMUSG00000006782
Ccr7,ENSMUSG00000037944
Tnfrsf18,ENSMUSG00000041954
Sirpa,ENSMUSG00000037902
Sema6d,ENSMUSG00000027200
Cd63,ENSMUSG00000025351
Kitl,ENSMUSG00000019966
Esr1,ENSMUSG00000019768
Tnfrsf9,ENSMUSG00000028965
Clstn1,ENSMUSG00000039953
Cxcr2,ENSMUSG00000026180
Lepr,ENSMUSG00000057722
Ngf,ENSMUSG00000027859
Mapt,ENSMUSG00000018411
Tle1,ENSMUSG00000008305
Tnc,ENSMUSG00000028364
Mfge8,ENSMUSG00000030605
Gria2,ENSMUSG00000033981
Il12a,ENSMUSG00000027776
Klk6,ENSMUSG00000050063
Il11ra1,ENSMUSG00000073889
Il18r1,ENSMUSG00000026070
Nlrp1a,ENSMUSG00000069830
Chd3,ENSMUSG00000018474
Sparc,ENSMUSG00000018593
Fbln1,ENSMUSG00000006369
Ntrk2,ENSMUSG00000055254
Nr3c2,ENSMUSG00000031618
Esr2,ENSMUSG00000021055
Epo,ENSMUSG00000029711
Pax6,ENSMUSG00000027168
Tspan18,ENSMUSG00000027217
Cux2,ENSMUSG00000042589
Rgs8,ENSMUSG00000042671
Clec7a,ENSMUSG00000079293
Cd27,ENSMUSG00000030336
Chd4,ENSMUSG00000063870
Bcl2,ENSMUSG00000057329
Il13ra2,ENSMUSG00000031289
Lhx6,ENSMUSG00000026890
Cxcl9,ENSMUSG00000029417
Foxp4,ENSMUSG00000023991
Foxp1,ENSMUSG00000030067
Gnrhr,ENSMUSG00000029255
Hopx,ENSMUSG00000059325
Fbln2,ENSMUSG00000064080
Ehmt2,ENSMUSG00000013787
Il1r1,ENSMUSG00000026072
Met,ENSMUSG00000009376
Foxp2,ENSMUSG00000029563
Nr3c1,ENSMUSG00000024431
Lix1,ENSMUSG00000047786
Ctss,ENSMUSG00000038642
Fgfr1,ENSMUSG00000031565
Il12rb2,ENSMUSG00000018341
Ifnar2,ENSMUSG00000022971
Grm4,ENSMUSG00000063239
Il23r,ENSMUSG00000049093
Otx2,ENSMUSG00000021848
Csf1,ENSMUSG00000014599
Lmo4,ENSMUSG00000028266
Tnfrsf14,ENSMUSG00000042333
Fgfr2,ENSMUSG00000030849
Prlr,ENSMUSG00000005268
Mri1,ENSMUSG00000004996
Mfap4,ENSMUSG00000042436
Mia,ENSMUSG00000089661
Stat3,ENSMUSG00000004040
Il4,ENSMUSG00000000869
Il15ra,ENSMUSG00000023206
Vegfb,ENSMUSG00000024962
Nfkb1,ENSMUSG00000028163
Mbp,ENSMUSG00000041607
Irf9,ENSMUSG00000002325
Mx1,ENSMUSG00000000386
Il20rb,ENSMUSG00000044244
Nrg4,ENSMUSG00000032311
Mmp9,ENSMUSG00000017737
Il9r,ENSMUSG00000020279
Sstr2,ENSMUSG00000047904
Lgals3,ENSMUSG00000050335
Aim2,ENSMUSG00000037860
Prdx1,ENSMUSG00000028691
Dlx1,ENSMUSG00000041911
Ccl22,ENSMUSG00000031779
C4a,ENSMUSG00000015451
Reln,ENSMUSG00000042453
Tle3,ENSMUSG00000032280
Nrg3,ENSMUSG00000041014
Tnf,ENSMUSG00000024401
Il5ra,ENSMUSG00000005364
Unc5d,ENSMUSG00000063626
Gdf10,ENSMUSG00000021943
Il1f5,ENSMUSG00000026983
Erap1,ENSMUSG00000021583
Idi1,ENSMUSG00000058258
Cntn1,ENSMUSG00000055022
Tap1,ENSMUSG00000037321
P2ry12,ENSMUSG00000036353
Ccr5,ENSMUSG00000079227
Lifr,ENSMUSG00000054263
Ang,ENSMUSG00000072115
Mdga1,ENSMUSG00000043557
Aif1,ENSMUSG00000024397
Apoe,ENSMUSG00000002985
Psme1,ENSMUSG00000022216
Prox1,ENSMUSG00000010175
Cux1,ENSMUSG00000029705
Bdnf,ENSMUSG00000048482
Satb2,ENSMUSG00000038331
Hmgcs1,ENSMUSG00000093930
Ccr9,ENSMUSG00000029530
Tnfsf12,ENSMUSG00000097328
Ptprc,ENSMUSG00000026395
Xcr1,ENSMUSG00000060509
Ccl20,ENSMUSG00000026166
Stat1,ENSMUSG00000026104
Mag,ENSMUSG00000036634
Pgr,ENSMUSG00000031870
Cxcr1,ENSMUSG00000048480
Mstn,ENSMUSG00000026100
Cr1l,ENSMUSG00000016481
Il6,ENSMUSG00000025746
Prom1,ENSMUSG00000029086
Sv2a,ENSMUSG00000038486
Mef2c,ENSMUSG00000005583
Il6ra,ENSMUSG00000027947
Grin2a,ENSMUSG00000059003
Eif4e,ENSMUSG00000028156
Fgf2,ENSMUSG00000037225
Cxcl2,ENSMUSG00000058427
Cxcl17,ENSMUSG00000060188
Ccl24,ENSMUSG00000004814
Ptprz1,ENSMUSG00000068748
Kcnj8,ENSMUSG00000030247
Ntf3,ENSMUSG00000049107
Cd33,ENSMUSG00000004609
Pycard,ENSMUSG00000030793
Nrg1,ENSMUSG00000118541
Tyrobp,ENSMUSG00000030579
Ifitm6,ENSMUSG00000059108
Il18bp,ENSMUSG00000070427
Flt3l,ENSMUSG00000110206
Casp3,ENSMUSG00000031628
Tyk2,ENSMUSG00000032175
Cxcr6,ENSMUSG00000048521
Cryab,ENSMUSG00000032060
Gnrh1,ENSMUSG00000015812
Il3ra,ENSMUSG00000068758
Il7r,ENSMUSG00000003882
Mefv,ENSMUSG00000022534
Sox10,ENSMUSG00000033006
Ciita,ENSMUSG00000022504
Ccr6,ENSMUSG00000040899
Cd80,ENSMUSG00000075122
Tapbp,ENSMUSG00000024308
Lhcgr,ENSMUSG00000024107
Gal,ENSMUSG00000024907
Aqp4,ENSMUSG00000024411